Departamento,Sistema_Productivo,Año,Área_cosechada_(ha),Producción_(t)
Amazonas,aji,2018.0,2.0,6.0
Amazonas,araza,2018.0,15.5,159.0
Amazonas,asai,2018.0,44.0,176.5
Amazonas,cacao,2018.0,29.0,15.0
Amazonas,caimo,2018.0,53.0,53.0
Amazonas,caña panelera,2018.0,4.0,16.0
Amazonas,chontaduro,2018.0,60.0,181.0
Amazonas,cilantro,2018.0,2.0,12.0
Amazonas,copoazu,2018.0,34.0,148.0
Amazonas,frijol,2018.0,5.0,4.0
Amazonas,frutales varios,2018.0,327.0,1678.0
Amazonas,maiz tradicional,2018.0,10.0,10.0
Amazonas,pepino cohombro,2018.0,1.0,2.0
Amazonas,platano,2018.0,268.5,1342.5
Amazonas,sacha inchi,2018.0,64.0,95.0
Amazonas,uva caimarona,2018.0,15.0,8.0
Amazonas,yuca,2018.0,1150.0,7750.0
Antioquia,acelga,2018.0,10.0,277.0
Antioquia,agraz,2018.0,3.0,7.5
Antioquia,aguacate,2018.0,122.97260273972603,1880.7260273972602
Antioquia,ahuyama,2018.0,50.0,600.0
Antioquia,aji,2018.0,11.6,195.0
Antioquia,ajo,2018.0,4.0,16.0
Antioquia,apio,2018.0,44.0,950.5
Antioquia,arracacha,2018.0,4.333333333333333,60.666666666666664
Antioquia,arroz secano manual,2018.0,679.55,1173.35
Antioquia,arroz secano mecanizado,2018.0,431.1,1929.0
Antioquia,arveja,2018.0,76.375,121.125
Antioquia,banano,2018.0,117.17647058823529,2896.529411764706
Antioquia,banano exportacion,2018.0,8677.5,299192.75
Antioquia,banano manzano,2018.0,104.25,1744.25
Antioquia,berenjena,2018.0,8.0,96.0
Antioquia,borojo,2018.0,72.0,194.0
Antioquia,brevo,2018.0,7.0,44.333333333333336
Antioquia,brocoli,2018.0,49.0,973.0
Antioquia,cacao,2018.0,265.9384615384615,165.95384615384614
Antioquia,cafe,2018.0,1042.9574468085107,1509.5425531914893
Antioquia,calabacin,2018.0,9.0,548.0
Antioquia,cardamomo,2018.0,23.333333333333332,30.0
Antioquia,caucho,2018.0,104.05882352941177,104.41176470588235
Antioquia,caña panelera,2018.0,487.03846153846155,2319.2948717948716
Antioquia,cebolla de bulbo,2018.0,10.0,140.0
Antioquia,cebolla de rama,2018.0,21.823529411764707,693.9411764705883
Antioquia,cebollin,2018.0,34.0,1700.0
Antioquia,cilantro,2018.0,9.727272727272727,69.81818181818181
Antioquia,citricos,2018.0,316.3333333333333,2406.3333333333335
Antioquia,coco,2018.0,101.75,391.5
Antioquia,col,2018.0,19.0,114.0
Antioquia,coliflor,2018.0,15.0,337.3333333333333
Antioquia,curcuma,2018.0,4.0,12.0
Antioquia,espinaca,2018.0,15.0,222.0
Antioquia,fique,2018.0,47.625,70.3125
Antioquia,fresa,2018.0,32.166666666666664,1353.4166666666667
Antioquia,frijol arbustivo,2018.0,44.285714285714285,37.673469387755105
Antioquia,frijol voluble,2018.0,86.21666666666667,135.55
Antioquia,frutales varios,2018.0,32.0,245.0
Antioquia,granadilla,2018.0,18.666666666666668,357.3333333333333
Antioquia,guanabana,2018.0,33.0,296.84615384615387
Antioquia,guayaba,2018.0,45.0,353.3333333333333
Antioquia,guayaba manzana,2018.0,3.0,18.5
Antioquia,guayaba pera,2018.0,15.0,75.0
Antioquia,gulupa,2018.0,48.36363636363637,1196.4545454545455
Antioquia,habichuela,2018.0,19.5,116.0
Antioquia,heliconia,2018.0,9.0,38.5
Antioquia,higo,2018.0,94.0,2350.0
Antioquia,hortalizas varias,2018.0,190.66666666666666,4014.3333333333335
Antioquia,hortensia,2018.0,170.4,1254.6
Antioquia,lechuga,2018.0,45.42857142857143,1326.142857142857
Antioquia,lima tahiti,2018.0,34.56,562.36
Antioquia,limon mandarino,2018.0,31.833333333333332,381.6666666666667
Antioquia,limon pajarito,2018.0,22.714285714285715,85.28571428571429
Antioquia,lulo,2018.0,25.125,418.875
Antioquia,maiz forrajero,2018.0,86.5,2487.0
Antioquia,maiz tradicional,2018.0,158.7340425531915,245.13829787234042
Antioquia,mamoncillo,2018.0,18.0,84.0
Antioquia,mandarina clementina,2018.0,29.5,1155.5
Antioquia,mandarina oneco,2018.0,45.6875,1449.1875
Antioquia,mango,2018.0,353.0,1882.5
Antioquia,mango injerto,2018.0,94.88888888888889,1153.888888888889
Antioquia,maracuya,2018.0,68.8,1414.9
Antioquia,mora,2018.0,41.11538461538461,388.4230769230769
Antioquia,murrapo,2018.0,141.4,997.4
Antioquia,naranja,2018.0,24.666666666666668,232.33333333333334
Antioquia,naranja jaffa,2018.0,73.0,495.0
Antioquia,naranja salustiana,2018.0,113.0,3706.5
Antioquia,naranja valencia,2018.0,137.58333333333334,3628.0
Antioquia,naranja washington navel,2018.0,22.5,252.0
Antioquia,palma de aceite,2018.0,434.2,1525.6
Antioquia,papa,2018.0,120.35714285714286,2547.8214285714284
Antioquia,papa criolla,2018.0,82.625,1000.75
Antioquia,papaya,2018.0,51.0,2294.8
Antioquia,patilla,2018.0,10.0,275.0
Antioquia,pepino cohombro,2018.0,6.2,149.4
Antioquia,pimenton,2018.0,41.166666666666664,2998.1666666666665
Antioquia,piña,2018.0,95.0,8094.333333333333
Antioquia,plantas aromaticas y medicinales,2018.0,17.5,218.75
Antioquia,platano,2018.0,416.578431372549,3487.6470588235293
Antioquia,platano exportacion,2018.0,1467.888888888889,12817.444444444445
Antioquia,pompon y crisantemo,2018.0,200.0,200.0
Antioquia,remolacha,2018.0,8.666666666666666,179.66666666666666
Antioquia,repollo,2018.0,59.75,3888.5
Antioquia,rosa,2018.0,6.0,94.0
Antioquia,sacha inchi,2018.0,16.857142857142858,41.142857142857146
Antioquia,stevia,2018.0,2.0,3.0
Antioquia,tamarindo,2018.0,6.0,26.5
Antioquia,tangelo mineola,2018.0,23.666666666666668,173.0
Antioquia,tangelo orlando,2018.0,35.0,155.5
Antioquia,tomate,2018.0,12.222222222222221,282.5925925925926
Antioquia,tomate de arbol,2018.0,108.07407407407408,3299.3333333333335
Antioquia,tomate invernadero,2018.0,30.25,3363.71875
Antioquia,uchuva,2018.0,11.0,265.4
Antioquia,yuca,2018.0,140.56756756756758,2304.635135135135
Antioquia,zanahoria,2018.0,57.0,2217.0
Antioquia,zapote,2018.0,19.333333333333332,201.0
Antioquia,ñame,2018.0,135.625,1806.375
Arauca,aguacate,2018.0,59.5,966.75
Arauca,arroz secano mecanizado,2018.0,1456.0,6876.75
Arauca,cacao,2018.0,2504.1428571428573,1502.2857142857142
Arauca,caña miel,2018.0,174.6,238.2
Arauca,caña panelera,2018.0,14.5,114.0
Arauca,citricos,2018.0,99.16666666666667,2325.1666666666665
Arauca,maiz tradicional,2018.0,1400.0,2097.5
Arauca,maracuya,2018.0,45.42857142857143,810.8571428571429
Arauca,papaya,2018.0,69.25,1587.75
Arauca,piña,2018.0,27.0,495.8333333333333
Arauca,platano,2018.0,4208.714285714285,103462.42857142857
Arauca,sabila,2018.0,9.0,108.0
Arauca,yuca,2018.0,1010.0,20054.285714285714
Atlantico,aguacate,2018.0,5.0,55.0
Atlantico,ahuyama,2018.0,34.0,416.7142857142857
Atlantico,aji,2018.0,11.071428571428571,52.714285714285715
Atlantico,arroz riego,2018.0,175.0,1228.0
Atlantico,arroz secano manual,2018.0,300.0,1050.0
Atlantico,berenjena,2018.0,11.666666666666666,136.66666666666666
Atlantico,cebolla de rama,2018.0,13.0,162.0
Atlantico,cebollin,2018.0,4.0,24.0
Atlantico,cilantro,2018.0,5.0,54.0
Atlantico,ciruela,2018.0,22.25,516.5
Atlantico,coco,2018.0,2.0,25.5
Atlantico,col,2018.0,2.5,17.0
Atlantico,frijol,2018.0,34.9,29.1
Atlantico,frijol arbustivo,2018.0,100.0,175.0
Atlantico,guandul,2018.0,110.23076923076923,91.46153846153847
Atlantico,guayaba,2018.0,61.111111111111114,1578.7777777777778
Atlantico,habichuela,2018.0,55.0,262.5
Atlantico,lima tahiti,2018.0,17.0,238.0
Atlantico,limon,2018.0,61.86666666666667,1494.2666666666667
Atlantico,limon tahiti,2018.0,20.0,120.0
Atlantico,maiz tecnificado,2018.0,139.625,325.5
Atlantico,maiz tradicional,2018.0,313.3333333333333,479.8888888888889
Atlantico,mango,2018.0,135.26315789473685,1997.5263157894738
Atlantico,mango injerto,2018.0,103.0,1820.6666666666667
Atlantico,marañon,2018.0,11.0,168.0
Atlantico,melon,2018.0,42.1764705882353,702.7058823529412
Atlantico,millo,2018.0,99.71428571428571,192.71428571428572
Atlantico,naranja,2018.0,18.454545454545453,197.8181818181818
Atlantico,nispero,2018.0,9.5,100.0
Atlantico,palma amarga,2018.0,90.0,1260.0
Atlantico,palma de aceite,2018.0,156.0,548.0
Atlantico,papaya,2018.0,6.5,299.375
Atlantico,patilla,2018.0,26.23076923076923,271.3076923076923
Atlantico,platano,2018.0,85.9,1275.0
Atlantico,pomelo,2018.0,5.5,87.5
Atlantico,sorgo,2018.0,50.0,160.0
Atlantico,tomate,2018.0,6.0,121.0
Atlantico,yuca,2018.0,335.23809523809524,3838.7619047619046
Atlantico,yuca industrial,2018.0,51.333333333333336,856.0
Atlantico,ñame,2018.0,23.857142857142858,390.42857142857144
Atlantico,ñame espino,2018.0,250.0,3000.0
Bolivar,aguacate,2018.0,316.0,3430.5
Bolivar,ahuyama,2018.0,155.0,1891.0
Bolivar,aji dulce,2018.0,117.28571428571429,911.7142857142857
Bolivar,ajonjoli,2018.0,1200.0,960.0
Bolivar,arroz riego,2018.0,380.0,2039.2
Bolivar,arroz secano manual,2018.0,471.875,1076.125
Bolivar,arroz secano mecanizado,2018.0,1365.5,4848.875
Bolivar,berenjena,2018.0,13.0,88.0
Bolivar,cacao,2018.0,368.6111111111111,152.55555555555554
Bolivar,cafe,2018.0,591.0,367.5
Bolivar,caucho,2018.0,76.0,39.666666666666664
Bolivar,caña panelera,2018.0,130.625,875.125
Bolivar,ciruela,2018.0,35.0,70.0
Bolivar,citricos,2018.0,150.0,2250.0
Bolivar,coco,2018.0,49.285714285714285,331.2857142857143
Bolivar,frijol,2018.0,176.57142857142858,155.57142857142858
Bolivar,frijol arbustivo,2018.0,30.0,27.0
Bolivar,guanabana,2018.0,10.0,94.0
Bolivar,guayaba,2018.0,3.0,25.5
Bolivar,hortalizas varias,2018.0,20.0,60.0
Bolivar,jatropha,2018.0,60.0,120.0
Bolivar,limon,2018.0,17.75,193.0
Bolivar,maiz tecnificado,2018.0,1000.0,4000.0
Bolivar,maiz tradicional,2018.0,1069.111111111111,1743.9777777777779
Bolivar,mango,2018.0,76.0909090909091,1121.5
Bolivar,melon,2018.0,161.25,1277.5
Bolivar,millo,2018.0,11.0,17.0
Bolivar,naranja,2018.0,31.333333333333332,463.6666666666667
Bolivar,nispero,2018.0,12.0,60.0
Bolivar,palma de aceite,2018.0,2891.1428571428573,9801.857142857143
Bolivar,patilla,2018.0,48.5,611.25
Bolivar,pepino cohombro,2018.0,3.0,21.0
Bolivar,pimenton,2018.0,6.0,30.0
Bolivar,pitahaya,2018.0,25.0,75.0
Bolivar,piña,2018.0,58.2,781.2
Bolivar,platano,2018.0,254.77777777777777,2255.4166666666665
Bolivar,tabaco negro,2018.0,87.25,153.75
Bolivar,tabaco rubio,2018.0,300.0,450.0
Bolivar,yuca,2018.0,957.7391304347826,9454.847826086956
Bolivar,zapote,2018.0,50.0,600.0
Bolivar,ñame,2018.0,722.1428571428571,8952.142857142857
Bolivar,ñame diamante,2018.0,2400.0,28800.0
Bolivar,ñame espino,2018.0,1020.0,12706.666666666666
Boyaca,acelga,2018.0,1.5,7.0
Boyaca,agraz,2018.0,102.0,186.0
Boyaca,aguacate,2018.0,25.68,251.0
Boyaca,ahuyama,2018.0,18.7,299.8
Boyaca,aji,2018.0,1.0,10.0
Boyaca,ajo,2018.0,2.0,4.0
Boyaca,albahaca,2018.0,25.0,375.0
Boyaca,alfalfa,2018.0,113.25,298.0
Boyaca,araza,2018.0,7.0,42.0
Boyaca,arracacha,2018.0,35.035714285714285,416.0357142857143
Boyaca,arveja,2018.0,60.93975903614458,56.40963855421687
Boyaca,avena,2018.0,71.77777777777777,202.0
Boyaca,bananito,2018.0,14.0,28.0
Boyaca,banano,2018.0,132.4,941.8
Boyaca,borojo,2018.0,4.0,16.0
Boyaca,brevo,2018.0,40.833333333333336,207.0
Boyaca,brocoli,2018.0,10.0,119.5
Boyaca,cacao,2018.0,254.73684210526315,146.3684210526316
Boyaca,caducifolios,2018.0,12.0,48.0
Boyaca,cafe,2018.0,260.8918918918919,210.2972972972973
Boyaca,calabacin,2018.0,10.0,148.0
Boyaca,caña miel,2018.0,84.2439024390244,461.4878048780488
Boyaca,caña panelera,2018.0,905.7619047619048,8268.52380952381
Boyaca,cebada,2018.0,38.833333333333336,62.5
Boyaca,cebolla de bulbo,2018.0,83.5952380952381,2243.285714285714
Boyaca,cebolla de rama,2018.0,274.0,13020.2
Boyaca,chamba,2018.0,3.5,14.5
Boyaca,chirimoya,2018.0,55.0,200.0
Boyaca,cilantro,2018.0,15.25,112.0
Boyaca,ciruela,2018.0,80.6923076923077,981.0
Boyaca,citricos,2018.0,57.81818181818182,895.5454545454545
Boyaca,clavel,2018.0,32.0,320.0
Boyaca,coliflor,2018.0,2.0,24.0
Boyaca,curuba,2018.0,62.0625,717.375
Boyaca,datil,2018.0,3.5,27.5
Boyaca,durazno,2018.0,23.76923076923077,365.56410256410254
Boyaca,espinaca,2018.0,3.0,18.0
Boyaca,feijoa,2018.0,16.2,158.2
Boyaca,fique,2018.0,11.666666666666666,7.666666666666667
Boyaca,flores y follajes,2018.0,10.0,60.333333333333336
Boyaca,fresa,2018.0,9.0,154.3125
Boyaca,frijol,2018.0,36.50632911392405,38.0
Boyaca,frijol arbustivo,2018.0,29.5,29.0
Boyaca,frijol voluble,2018.0,3.0,3.0
Boyaca,granadilla,2018.0,4.857142857142857,56.142857142857146
Boyaca,guanabana,2018.0,60.36363636363637,907.1818181818181
Boyaca,guandul,2018.0,1.0,1.5
Boyaca,guatila,2018.0,17.0,44.5
Boyaca,guayaba,2018.0,261.22222222222223,2101.5555555555557
Boyaca,guayaba pera,2018.0,30.0,132.0
Boyaca,gulupa,2018.0,10.5,182.6875
Boyaca,haba,2018.0,14.32,17.24
Boyaca,habichuela,2018.0,9.375,91.5
Boyaca,heliconia,2018.0,3.0,18.0
Boyaca,higo,2018.0,3.4,29.4
Boyaca,hortalizas varias,2018.0,14.333333333333334,66.33333333333333
Boyaca,lechuga,2018.0,39.875,138.0
Boyaca,limon,2018.0,3.0,13.5
Boyaca,limon mandarino,2018.0,21.0,63.0
Boyaca,limon tahiti,2018.0,6.5,37.0
Boyaca,lulo,2018.0,17.59375,263.3125
Boyaca,maiz tecnificado,2018.0,115.66666666666667,162.33333333333334
Boyaca,maiz tradicional,2018.0,62.596330275229356,79.92660550458716
Boyaca,malanga,2018.0,9.75,42.0
Boyaca,mandarina,2018.0,47.714285714285715,526.8571428571429
Boyaca,mango,2018.0,21.25,73.75
Boyaca,mangostino,2018.0,9.0,90.0
Boyaca,mani,2018.0,10.0,5.333333333333333
Boyaca,manzana,2018.0,38.6,812.6
Boyaca,maracuya,2018.0,4.5,106.5
Boyaca,melon,2018.0,16.0,148.0
Boyaca,mora,2018.0,32.91428571428571,235.0
Boyaca,nabo,2018.0,16.0,18.0
Boyaca,naranja,2018.0,53.9375,630.0625
Boyaca,papa,2018.0,308.01190476190476,6143.047619047619
Boyaca,papa criolla,2018.0,96.42307692307692,1375.1153846153845
Boyaca,papaya,2018.0,8.666666666666666,152.66666666666666
Boyaca,papayuela,2018.0,4.333333333333333,29.0
Boyaca,pepino cohombro,2018.0,13.857142857142858,97.42857142857143
Boyaca,pepino guiso,2018.0,11.857142857142858,144.57142857142858
Boyaca,pera,2018.0,204.83333333333334,3236.1666666666665
Boyaca,perejil,2018.0,1.0,4.0
Boyaca,pimenton,2018.0,5.333333333333333,61.333333333333336
Boyaca,pitahaya,2018.0,36.8,242.1
Boyaca,piña,2018.0,10.333333333333334,577.6666666666666
Boyaca,plantas aromaticas,2018.0,5.666666666666667,19.0
Boyaca,plantas medicinales,2018.0,4.0,12.0
Boyaca,platano,2018.0,97.84210526315789,842.6052631578947
Boyaca,quinua,2018.0,18.0,25.75
Boyaca,remolacha,2018.0,32.166666666666664,918.5
Boyaca,repollo,2018.0,13.666666666666666,162.33333333333334
Boyaca,rosa,2018.0,11.5,113.0
Boyaca,sabila,2018.0,1.0,10.0
Boyaca,sacha inchi,2018.0,12.5,66.5
Boyaca,sagu,2018.0,10.0,43.0
Boyaca,tabaco negro,2018.0,66.0,72.0
Boyaca,tabaco rubio,2018.0,20.0,35.0
Boyaca,tomate,2018.0,20.541666666666668,785.3333333333334
Boyaca,tomate de arbol,2018.0,22.675,337.025
Boyaca,tomate invernadero,2018.0,13.31578947368421,1307.6315789473683
Boyaca,trigo,2018.0,23.666666666666668,26.25925925925926
Boyaca,uchuva,2018.0,24.8,358.55
Boyaca,uva,2018.0,5.666666666666667,32.833333333333336
Boyaca,yuca,2018.0,58.93478260869565,633.8913043478261
Boyaca,zanahoria,2018.0,119.38888888888889,3139.3888888888887
Boyaca,zapote,2018.0,3.3333333333333335,29.666666666666668
Caldas,aguacate,2018.0,332.8,3549.36
Caldas,ahuyama,2018.0,8.0,112.0
Caldas,arveja,2018.0,12.666666666666666,26.0
Caldas,banano,2018.0,114.83333333333333,1880.0
Caldas,brevo,2018.0,5.0,60.0
Caldas,cacao,2018.0,229.75,119.875
Caldas,cafe,2018.0,2030.48,2746.8
Caldas,caucho,2018.0,404.5,544.0
Caldas,caña azucarera,2018.0,475.4,73380.2
Caldas,caña panelera,2018.0,553.52,3333.32
Caldas,cebolla de bulbo,2018.0,40.0,80.0
Caldas,cebolla de rama,2018.0,22.0,439.8333333333333
Caldas,chontaduro,2018.0,31.0,496.0
Caldas,cilantro,2018.0,11.8,89.2
Caldas,citricos,2018.0,453.15384615384613,6773.384615384615
Caldas,esparrago,2018.0,27.0,108.0
Caldas,feijoa,2018.0,1.0,8.0
Caldas,fique,2018.0,1.0,1.0
Caldas,flores y follajes,2018.0,9.0,43.0
Caldas,fresa,2018.0,5.0,253.33333333333334
Caldas,frijol,2018.0,26.11111111111111,37.94444444444444
Caldas,frijol voluble,2018.0,30.0,31.0
Caldas,frutales varios,2018.0,6.0,24.0
Caldas,granadilla,2018.0,9.666666666666666,104.66666666666667
Caldas,guanabana,2018.0,39.0,360.5
Caldas,guayaba,2018.0,31.0,318.0
Caldas,guayaba manzana,2018.0,12.0,135.0
Caldas,guayaba pera,2018.0,63.333333333333336,601.1666666666666
Caldas,gulupa,2018.0,5.75,89.25
Caldas,habichuela,2018.0,3.3333333333333335,17.0
Caldas,hortalizas varias,2018.0,102.33333333333333,2405.0
Caldas,iraca,2018.0,14.0,20.0
Caldas,lechuga,2018.0,29.0,142.0
Caldas,lima tahiti,2018.0,12.0,48.0
Caldas,limon,2018.0,12.666666666666666,178.33333333333334
Caldas,limon tahiti,2018.0,65.5,1948.5
Caldas,lulo,2018.0,25.833333333333332,255.83333333333334
Caldas,maiz tecnificado,2018.0,25.5,110.5
Caldas,maiz tradicional,2018.0,25.238095238095237,46.285714285714285
Caldas,mandarina,2018.0,7.5,182.5
Caldas,mandarina oneco,2018.0,27.0,702.0
Caldas,mango,2018.0,6.0,108.0
Caldas,mangostino,2018.0,2.0,36.0
Caldas,maracuya,2018.0,8.25,119.25
Caldas,melon,2018.0,2.0,16.0
Caldas,mora,2018.0,132.2,1781.2
Caldas,naranja,2018.0,51.0,1419.0
Caldas,papa,2018.0,93.5,1557.6666666666667
Caldas,papaya,2018.0,11.0,178.0
Caldas,patilla,2018.0,2.0,14.0
Caldas,pepino cohombro,2018.0,21.5,84.5
Caldas,pimenton,2018.0,31.0,211.5
Caldas,piña,2018.0,5.0,129.0
Caldas,plantas aromaticas,2018.0,5.0,3.0
Caldas,platano,2018.0,817.6666666666666,10538.62962962963
Caldas,remolacha,2018.0,5.0,45.0
Caldas,repollo,2018.0,20.5,223.0
Caldas,sabila,2018.0,35.0,1656.0
Caldas,tangelo mineola,2018.0,85.0,1870.0
Caldas,tomate,2018.0,23.0,539.6666666666666
Caldas,tomate de arbol,2018.0,34.0,390.0
Caldas,tomate invernadero,2018.0,9.25,385.0
Caldas,yuca,2018.0,19.77777777777778,262.22222222222223
Caldas,zanahoria,2018.0,35.5,294.0
Caqueta,acelga,2018.0,3.0,9.0
Caqueta,aguacate,2018.0,2.5,12.5
Caqueta,ahuyama,2018.0,6.0,11.0
Caqueta,aji,2018.0,3.0,6.0
Caqueta,araza,2018.0,37.666666666666664,230.0
Caqueta,arroz secano manual,2018.0,94.0,154.14285714285714
Caqueta,arroz secano mecanizado,2018.0,129.0,377.5
Caqueta,cacao,2018.0,231.875,97.625
Caqueta,cafe,2018.0,580.8333333333334,880.0
Caqueta,caucho,2018.0,322.46666666666664,417.46666666666664
Caqueta,caña panelera,2018.0,368.875,2293.8125
Caqueta,chontaduro,2018.0,43.6,282.2
Caqueta,cilantro,2018.0,2.5,9.5
Caqueta,copoazu,2018.0,36.0,180.0
Caqueta,flores y follajes,2018.0,4.0,8.0
Caqueta,fresa,2018.0,13.0,130.0
Caqueta,frutales varios,2018.0,4.0,8.0
Caqueta,limon,2018.0,2.0,10.0
Caqueta,lulo,2018.0,140.5,875.5
Caqueta,maiz tecnificado,2018.0,81.0,402.0
Caqueta,maiz tradicional,2018.0,547.7142857142857,656.0714285714286
Caqueta,mandarina,2018.0,16.0,128.0
Caqueta,mani,2018.0,9.0,9.0
Caqueta,naranja,2018.0,23.0,161.0
Caqueta,palma de aceite,2018.0,350.0,420.0
Caqueta,patilla,2018.0,27.666666666666668,317.6666666666667
Caqueta,piña,2018.0,76.2,479.3
Caqueta,plantas aromaticas,2018.0,1.0,1.0
Caqueta,platano,2018.0,1072.4,6676.466666666666
Caqueta,sacha inchi,2018.0,150.0,900.0
Caqueta,tomate,2018.0,2.0,62.0
Caqueta,tomate de arbol,2018.0,19.5,207.0
Caqueta,tomate invernadero,2018.0,10.0,1040.0
Caqueta,uva caimarona,2018.0,1.0,3.0
Caqueta,yuca,2018.0,549.0625,3942.0625
Caqueta,ñame,2018.0,15.0,75.0
Casanare,aguacate,2018.0,12.0,77.5
Casanare,ahuyama,2018.0,11.0,154.75
Casanare,arracacha,2018.0,5.75,37.5
Casanare,arroz riego,2018.0,317.0,1980.5
Casanare,arroz secano mecanizado,2018.0,10691.25,55133.25
Casanare,banano,2018.0,234.0,6318.0
Casanare,cacao,2018.0,54.93333333333333,31.0
Casanare,cafe,2018.0,590.25,407.5
Casanare,caucho,2018.0,48.75,44.0
Casanare,caña miel,2018.0,41.8,109.0
Casanare,caña panelera,2018.0,26.444444444444443,128.77777777777777
Casanare,cebolla de rama,2018.0,5.0,20.0
Casanare,citricos,2018.0,37.833333333333336,670.8333333333334
Casanare,frijol,2018.0,12.8,13.4
Casanare,frutales varios,2018.0,10.0,10.0
Casanare,guanabana,2018.0,2.0,12.0
Casanare,guayaba,2018.0,11.5,84.5
Casanare,limon,2018.0,4.0,108.0
Casanare,limon mandarino,2018.0,3.0,45.0
Casanare,lulo,2018.0,43.0,534.25
Casanare,maiz tecnificado,2018.0,74.83333333333333,251.33333333333334
Casanare,maiz tradicional,2018.0,114.41176470588235,188.0
Casanare,malanga,2018.0,9.8,69.6
Casanare,mandarina,2018.0,2.0,30.0
Casanare,mango,2018.0,7.0,105.0
Casanare,mangostino,2018.0,3.0,9.0
Casanare,maracuya,2018.0,7.625,119.875
Casanare,mora,2018.0,3.0,9.333333333333334
Casanare,naranja,2018.0,5.0,39.333333333333336
Casanare,naranja valencia,2018.0,20.0,1000.0
Casanare,palma de aceite,2018.0,6357.777777777777,22906.0
Casanare,papa,2018.0,8.0,12.0
Casanare,papaya,2018.0,28.75,1193.5
Casanare,pitahaya,2018.0,2.0,10.0
Casanare,piña,2018.0,52.9,3197.8
Casanare,platano,2018.0,136.625,2011.9375
Casanare,sabila,2018.0,2.0,47.0
Casanare,sacha inchi,2018.0,2.0,3.0
Casanare,sorgo,2018.0,20.0,70.0
Casanare,tomate,2018.0,3.0,32.5
Casanare,yuca,2018.0,106.57894736842105,1448.6842105263158
Casanare,ñame,2018.0,3.3333333333333335,12.333333333333334
Cauca,acelga,2018.0,6.5,22.5
Cauca,achira,2018.0,10.0,10.0
Cauca,aguacate,2018.0,73.58333333333333,402.3333333333333
Cauca,ahuyama,2018.0,18.857142857142858,152.71428571428572
Cauca,aji,2018.0,1.0,2.5
Cauca,ajo,2018.0,7.0,63.0
Cauca,albahaca,2018.0,2.0,8.0
Cauca,arracacha,2018.0,24.928571428571427,215.35714285714286
Cauca,arroz riego,2018.0,339.4,2135.2
Cauca,arroz secano manual,2018.0,24.833333333333332,92.5
Cauca,arroz secano mecanizado,2018.0,53.5,153.5
Cauca,arveja,2018.0,10.428571428571429,9.428571428571429
Cauca,banano,2018.0,116.25,547.5
Cauca,brocoli,2018.0,8.0,190.0
Cauca,cacao,2018.0,147.30434782608697,75.52173913043478
Cauca,cafe,2018.0,2565.15625,3192.03125
Cauca,cardamomo,2018.0,29.0,29.0
Cauca,caña azucarera,2018.0,3663.222222222222,505087.44444444444
Cauca,caña panelera,2018.0,493.1034482758621,2919.9310344827586
Cauca,cebolla de bulbo,2018.0,2.0,10.0
Cauca,cebolla de rama,2018.0,16.125,62.875
Cauca,chirimoya,2018.0,8.0,24.0
Cauca,chontaduro,2018.0,634.2,3159.2
Cauca,cilantro,2018.0,3.6666666666666665,22.666666666666668
Cauca,cimarron,2018.0,1.5,2.0
Cauca,citricos,2018.0,57.0,801.0
Cauca,coco,2018.0,940.3333333333334,9007.333333333334
Cauca,coliflor,2018.0,10.0,300.0
Cauca,espinaca,2018.0,12.0,162.0
Cauca,fique,2018.0,763.7142857142857,1076.5714285714287
Cauca,flores y follajes,2018.0,9.666666666666666,121.0
Cauca,fresa,2018.0,61.0,856.6
Cauca,frijol,2018.0,83.82857142857142,120.14285714285714
Cauca,frijol arbustivo,2018.0,30.0,42.0
Cauca,frutales varios,2018.0,24.5,485.0
Cauca,garbanzo,2018.0,134.0,161.0
Cauca,granadilla,2018.0,15.142857142857142,61.142857142857146
Cauca,guama,2018.0,3.0,20.0
Cauca,guanabana,2018.0,6.5,55.0
Cauca,guayaba,2018.0,4.666666666666667,25.333333333333332
Cauca,guayaba pera,2018.0,13.666666666666666,69.66666666666667
Cauca,gulupa,2018.0,50.0,1109.0
Cauca,habichuela,2018.0,10.571428571428571,73.57142857142857
Cauca,hortalizas varias,2018.0,12.285714285714286,82.0
Cauca,iraca,2018.0,2.0,6.0
Cauca,lechuga,2018.0,6.2,188.2
Cauca,lima tahiti,2018.0,8.0,40.0
Cauca,limon,2018.0,18.833333333333332,36.833333333333336
Cauca,limon pajarito,2018.0,14.5,21.0
Cauca,limon tahiti,2018.0,83.875,350.25
Cauca,lulo,2018.0,39.0,459.05555555555554
Cauca,maiz tecnificado,2018.0,75.8,245.5
Cauca,maiz tradicional,2018.0,198.38709677419354,288.9032258064516
Cauca,mandarina,2018.0,11.333333333333334,38.666666666666664
Cauca,mandarina oneco,2018.0,9.0,36.0
Cauca,mango,2018.0,21.0,87.8
Cauca,mango injerto,2018.0,28.5,98.5
Cauca,mani,2018.0,238.66666666666666,492.0
Cauca,maracuya,2018.0,11.666666666666666,127.33333333333333
Cauca,melon,2018.0,29.5,487.5
Cauca,mora,2018.0,21.5,165.21428571428572
Cauca,morera,2018.0,2.0,14.0
Cauca,naranja,2018.0,32.083333333333336,458.0
Cauca,naranja valencia,2018.0,6.0,18.0
Cauca,palma de aceite,2018.0,624.0,1310.0
Cauca,papa,2018.0,231.41666666666666,5378.416666666667
Cauca,papa china,2018.0,80.66666666666667,643.3333333333334
Cauca,papaya,2018.0,8.25,101.0
Cauca,patilla,2018.0,28.0,138.33333333333334
Cauca,pepa de pan,2018.0,4.0,2.0
Cauca,pepino cohombro,2018.0,7.0,84.66666666666667
Cauca,pimenton,2018.0,5.5,128.0
Cauca,pitahaya,2018.0,12.333333333333334,143.66666666666666
Cauca,piña,2018.0,115.5,7298.8
Cauca,plantas aromaticas,2018.0,7.666666666666667,19.333333333333332
Cauca,platano,2018.0,643.969696969697,3215.030303030303
Cauca,quinua,2018.0,112.0,144.2
Cauca,repollo,2018.0,9.0,19.666666666666668
Cauca,sabila,2018.0,8.4,41.6
Cauca,sacha inchi,2018.0,11.0,17.333333333333332
Cauca,tabaco negro,2018.0,3.0,2.0
Cauca,tangelo mineola,2018.0,110.0,2200.0
Cauca,tomate,2018.0,5.923076923076923,120.3076923076923
Cauca,tomate de arbol,2018.0,34.42857142857143,213.85714285714286
Cauca,tomate invernadero,2018.0,16.0,1645.7857142857142
Cauca,trigo,2018.0,11.666666666666666,13.833333333333334
Cauca,uchuva,2018.0,52.0,416.0
Cauca,ulluco,2018.0,58.5,1081.0
Cauca,uva,2018.0,24.0,360.0
Cauca,yuca,2018.0,204.3939393939394,2222.3939393939395
Cauca,yuca industrial,2018.0,433.75,6269.625
Cauca,zanahoria,2018.0,6.666666666666667,34.666666666666664
Cesar,aguacate,2018.0,126.29411764705883,830.5294117647059
Cesar,ahuyama,2018.0,79.57142857142857,1969.5
Cesar,aji,2018.0,38.8,433.6
Cesar,arracacha,2018.0,15.0,23.0
Cesar,arroz riego,2018.0,374.3157894736842,2219.0
Cesar,arroz secano manual,2018.0,251.0,1383.0
Cesar,arroz secano mecanizado,2018.0,179.5,1351.5
Cesar,arveja,2018.0,15.0,7.0
Cesar,banano,2018.0,5.0,25.0
Cesar,cacao,2018.0,290.7894736842105,149.21052631578948
Cesar,cafe,2018.0,1258.6842105263158,786.5263157894736
Cesar,caña panelera,2018.0,460.625,2676.375
Cesar,cebolla de bulbo,2018.0,44.0,621.75
Cesar,cebolla de rama,2018.0,151.0,2292.5
Cesar,cilantro,2018.0,46.333333333333336,335.0
Cesar,citricos,2018.0,161.0,1478.4166666666667
Cesar,eucalipto baby blue,2018.0,53.0,371.0
Cesar,frijol,2018.0,151.9090909090909,108.72727272727273
Cesar,guanabana,2018.0,20.0,120.0
Cesar,habichuela,2018.0,31.0,31.0
Cesar,limon,2018.0,24.5,197.0
Cesar,lulo,2018.0,51.142857142857146,449.85714285714283
Cesar,maiz forrajero,2018.0,128.66666666666666,459.3333333333333
Cesar,maiz tecnificado,2018.0,336.0,1103.2
Cesar,maiz tradicional,2018.0,607.72,783.76
Cesar,malanga,2018.0,134.5,1172.625
Cesar,mango,2018.0,100.5,742.8571428571429
Cesar,maracuya,2018.0,112.0,883.6666666666666
Cesar,melon,2018.0,102.42857142857143,1100.4285714285713
Cesar,mora,2018.0,19.25,138.75
Cesar,naranja jaffa,2018.0,83.0,853.0
Cesar,palma de aceite,2018.0,3893.3809523809523,11879.714285714286
Cesar,papaya,2018.0,29.333333333333332,977.0
Cesar,patilla,2018.0,93.18181818181819,1209.1818181818182
Cesar,pimenton,2018.0,45.25,177.25
Cesar,piña,2018.0,21.0,1457.0
Cesar,platano,2018.0,156.28571428571428,1099.7619047619048
Cesar,tomate,2018.0,47.55555555555556,577.5555555555555
Cesar,tomate de arbol,2018.0,63.333333333333336,505.3333333333333
Cesar,yuca,2018.0,265.2083333333333,2333.4583333333335
Cesar,zanahoria,2018.0,21.0,21.0
Cesar,ñame,2018.0,155.0,1534.6666666666667
Choco,achin,2018.0,72.17647058823529,643.5294117647059
Choco,achiote (bija),2018.0,68.83333333333333,108.0
Choco,achira,2018.0,7.0,37.0
Choco,aguacate,2018.0,79.2,817.2
Choco,aji,2018.0,25.0,175.0
Choco,ajonjoli,2018.0,30.0,42.0
Choco,araza,2018.0,8.0,80.0
Choco,arroz secano manual,2018.0,627.5416666666666,1246.5
Choco,arroz secano mecanizado,2018.0,116.0,635.5
Choco,badea,2018.0,3.0,10.5
Choco,bananito,2018.0,161.0,740.6666666666666
Choco,banano,2018.0,165.8,832.1333333333333
Choco,banano manzano,2018.0,235.0,1175.0
Choco,borojo,2018.0,55.583333333333336,245.54166666666666
Choco,cacao,2018.0,195.54166666666666,80.45833333333333
Choco,cachaco,2018.0,6.0,42.0
Choco,cafe,2018.0,140.0,181.0
Choco,caña miel,2018.0,77.66666666666667,390.6666666666667
Choco,caña panelera,2018.0,147.58823529411765,443.29411764705884
Choco,cebolla de rama,2018.0,30.0,450.0
Choco,chontaduro,2018.0,46.36363636363637,405.45454545454544
Choco,cilantro,2018.0,7.0,56.0
Choco,coco,2018.0,100.45454545454545,855.2727272727273
Choco,frijol,2018.0,7.0,18.0
Choco,guanabana,2018.0,3.0,4.0
Choco,guayaba,2018.0,3.0,5.0
Choco,habichuela,2018.0,1.0,5.0
Choco,jengibre,2018.0,1.0,18.0
Choco,limon,2018.0,4.0,27.666666666666668
Choco,limon pajarito,2018.0,15.333333333333334,84.5
Choco,lulo,2018.0,15.666666666666666,68.66666666666667
Choco,maiz tecnificado,2018.0,250.0,400.0
Choco,maiz tradicional,2018.0,320.41379310344826,338.6896551724138
Choco,maracuya,2018.0,10.0,150.0
Choco,mora,2018.0,6.0,55.0
Choco,palma de aceite,2018.0,400.0,800.0
Choco,papa,2018.0,2.0,16.0
Choco,papa china,2018.0,70.0,1120.0
Choco,pepino cohombro,2018.0,2.0,12.0
Choco,piña,2018.0,26.571428571428573,328.6190476190476
Choco,plantas aromaticas,2018.0,44.0,220.0
Choco,plantas medicinales,2018.0,13.0,65.0
Choco,platano,2018.0,848.8333333333334,9562.0
Choco,tomate,2018.0,3.0,42.0
Choco,yuca,2018.0,310.13793103448273,3013.5172413793102
Choco,zapote,2018.0,2.0,6.0
Choco,ñame,2018.0,53.73684210526316,411.2105263157895
Choco,ñame diamante,2018.0,130.0,780.0
Cordoba,aguacate,2018.0,7.0,21.0
Cordoba,ahuyama,2018.0,105.0,635.0
Cordoba,aji,2018.0,15.6,121.2
Cordoba,aji dulce,2018.0,8.333333333333334,128.66666666666666
Cordoba,aji tabasco,2018.0,24.333333333333332,174.66666666666666
Cordoba,ajonjoli,2018.0,15.0,11.0
Cordoba,arroz riego,2018.0,355.6666666666667,1814.3333333333333
Cordoba,arroz secano manual,2018.0,682.5217391304348,1294.4347826086957
Cordoba,arroz secano mecanizado,2018.0,384.0,1569.6363636363637
Cordoba,batata,2018.0,32.5,475.75
Cordoba,berenjena,2018.0,32.0,218.0
Cordoba,cacao,2018.0,298.3333333333333,194.88888888888889
Cordoba,caucho,2018.0,741.6666666666666,736.0
Cordoba,caña flecha,2018.0,170.0,580.0
Cordoba,caña panelera,2018.0,163.6,1118.0
Cordoba,coco,2018.0,234.66666666666666,1336.8333333333333
Cordoba,frijol,2018.0,15.5,11.5
Cordoba,frijol arbustivo,2018.0,20.0,13.0
Cordoba,guanabana,2018.0,5.5,13.5
Cordoba,guandul,2018.0,6.0,3.0
Cordoba,guayaba,2018.0,76.66666666666667,2068.0
Cordoba,habichuela,2018.0,5.0,19.0
Cordoba,hortalizas varias,2018.0,25.0,240.5
Cordoba,limon,2018.0,7.0,30.25
Cordoba,maiz tecnificado,2018.0,1316.8666666666666,5388.6
Cordoba,maiz tradicional,2018.0,846.8571428571429,1350.75
Cordoba,mango,2018.0,203.0,3641.1428571428573
Cordoba,maracuya,2018.0,34.57142857142857,604.0
Cordoba,marañon,2018.0,140.0,137.5
Cordoba,melon,2018.0,10.0,158.0
Cordoba,naranja,2018.0,62.166666666666664,1310.1666666666667
Cordoba,nispero,2018.0,5.0,25.0
Cordoba,palma de aceite,2018.0,395.2,1492.0
Cordoba,papaya,2018.0,238.0,13232.5
Cordoba,patilla,2018.0,85.66666666666667,1240.4166666666667
Cordoba,pepino cohombro,2018.0,21.5,178.0
Cordoba,piña,2018.0,13.454545454545455,867.0909090909091
Cordoba,platano,2018.0,982.24,11643.92
Cordoba,tomate,2018.0,1.0,12.0
Cordoba,yuca,2018.0,679.0333333333333,7639.6
Cordoba,yuca industrial,2018.0,508.3333333333333,8094.666666666667
Cordoba,ñame,2018.0,395.7142857142857,4738.464285714285
Cordoba,ñame diamante,2018.0,202.5,2820.0
Cordoba,ñame espino,2018.0,232.5,2775.0
Cundinamarca,acelga,2018.0,7.4,129.4
Cundinamarca,agraz,2018.0,1.0,2.0
Cundinamarca,aguacate,2018.0,35.093023255813954,236.41860465116278
Cundinamarca,ahuyama,2018.0,26.7,217.6
Cundinamarca,ajo,2018.0,10.0,125.33333333333333
Cundinamarca,albahaca,2018.0,20.0,122.0
Cundinamarca,algodon,2018.0,390.0,1153.0
Cundinamarca,anon,2018.0,58.5,231.0
Cundinamarca,anturio,2018.0,30.0,208.5
Cundinamarca,apio,2018.0,57.5,1232.5
Cundinamarca,arandano,2018.0,4.666666666666667,34.833333333333336
Cundinamarca,arracacha,2018.0,25.476190476190474,247.66666666666666
Cundinamarca,arroz riego,2018.0,262.6666666666667,1340.6666666666667
Cundinamarca,arveja,2018.0,48.186440677966104,85.45762711864407
Cundinamarca,astromelia,2018.0,6.5,25.5
Cundinamarca,avena,2018.0,508.0,921.0
Cundinamarca,banano,2018.0,225.68421052631578,2104.5789473684213
Cundinamarca,brevo,2018.0,2.0,12.0
Cundinamarca,brocoli,2018.0,21.428571428571427,481.2857142857143
Cundinamarca,cacao,2018.0,196.9,120.23333333333333
Cundinamarca,cafe,2018.0,421.5507246376812,472.18840579710144
Cundinamarca,calabacin,2018.0,10.0,100.0
Cundinamarca,calabaza,2018.0,62.333333333333336,1375.6666666666667
Cundinamarca,caucho,2018.0,36.44444444444444,37.666666666666664
Cundinamarca,caña panelera,2018.0,809.62,4217.8
Cundinamarca,cebada,2018.0,32.0,144.5
Cundinamarca,cebolla de bulbo,2018.0,79.35,1788.2
Cundinamarca,cebolla de rama,2018.0,11.666666666666666,112.33333333333333
Cundinamarca,chachafruto,2018.0,4.0,15.0
Cundinamarca,champiñon,2018.0,1.0,4.0
Cundinamarca,chirimoya,2018.0,27.0,418.0
Cundinamarca,cilantro,2018.0,49.0,829.7857142857143
Cundinamarca,ciruela,2018.0,5.5,34.0
Cundinamarca,citricos,2018.0,89.58333333333333,571.9166666666666
Cundinamarca,clavel,2018.0,63.5,1549.5
Cundinamarca,cocculus,2018.0,80.0,400.0
Cundinamarca,coliflor,2018.0,9.166666666666666,197.33333333333334
Cundinamarca,curuba,2018.0,12.4,187.8
Cundinamarca,durazno,2018.0,12.142857142857142,144.07142857142858
Cundinamarca,espinaca,2018.0,33.0,655.0
Cundinamarca,eucalipto baby blue,2018.0,12.0,35.0
Cundinamarca,feijoa,2018.0,6.75,44.75
Cundinamarca,fitosporum,2018.0,7.5,7.5
Cundinamarca,flor de safari,2018.0,2.0,2.0
Cundinamarca,flores y follajes,2018.0,123.2,909.2
Cundinamarca,frambuesa,2018.0,2.0,24.0
Cundinamarca,fresa,2018.0,38.61538461538461,2112.230769230769
Cundinamarca,frijol,2018.0,50.09803921568628,98.52941176470588
Cundinamarca,frutales varios,2018.0,28.0,168.0
Cundinamarca,girasol,2018.0,150.0,1848.0
Cundinamarca,gladiolo,2018.0,150.0,834.0
Cundinamarca,granadilla,2018.0,46.63636363636363,528.8181818181819
Cundinamarca,guanabana,2018.0,11.2,49.1
Cundinamarca,guatila,2018.0,18.0,540.0
Cundinamarca,guayaba,2018.0,65.6,367.2
Cundinamarca,gulupa,2018.0,16.3,253.6
Cundinamarca,haba,2018.0,26.0,180.0
Cundinamarca,habichuela,2018.0,79.52380952380952,828.4761904761905
Cundinamarca,helecho cuero,2018.0,16.0,157.5
Cundinamarca,heliconia,2018.0,12.5,75.0
Cundinamarca,hortalizas varias,2018.0,65.3076923076923,1026.0
Cundinamarca,lechuga,2018.0,94.0,1809.6153846153845
Cundinamarca,lima,2018.0,53.0,1025.5
Cundinamarca,limon,2018.0,81.9375,632.625
Cundinamarca,limonaria,2018.0,26.0,101.0
Cundinamarca,limonium,2018.0,19.0,19.0
Cundinamarca,lulo,2018.0,12.285714285714286,109.07142857142857
Cundinamarca,maiz forrajero,2018.0,133.5,3926.6666666666665
Cundinamarca,maiz tecnificado,2018.0,210.1,1110.2
Cundinamarca,maiz tradicional,2018.0,109.67058823529412,199.41176470588235
Cundinamarca,mandarina,2018.0,111.86666666666666,812.0666666666667
Cundinamarca,mango,2018.0,380.2608695652174,4256.565217391304
Cundinamarca,manzana,2018.0,1.0,2.0
Cundinamarca,maracuya,2018.0,21.0,221.75
Cundinamarca,melon,2018.0,2.0,1.0
Cundinamarca,menta,2018.0,6.0,54.0
Cundinamarca,mora,2018.0,91.88571428571429,971.7142857142857
Cundinamarca,nabo,2018.0,5.0,80.0
Cundinamarca,naranja,2018.0,179.57142857142858,1286.5357142857142
Cundinamarca,palma de aceite,2018.0,1798.0,6409.333333333333
Cundinamarca,palma robelina,2018.0,6.0,6.0
Cundinamarca,papa,2018.0,685.290909090909,17148.545454545456
Cundinamarca,papa criolla,2018.0,88.02857142857142,1578.3428571428572
Cundinamarca,papaya,2018.0,35.666666666666664,1018.3333333333334
Cundinamarca,papayuela,2018.0,15.0,330.0
Cundinamarca,patilla,2018.0,1.0,7.0
Cundinamarca,pepino cohombro,2018.0,14.8,196.8
Cundinamarca,pepino guiso,2018.0,23.428571428571427,259.57142857142856
Cundinamarca,perejil,2018.0,7.0,84.0
Cundinamarca,pimenton,2018.0,44.5,1477.5
Cundinamarca,pitahaya,2018.0,27.0,270.0
Cundinamarca,piña,2018.0,54.5,1933.25
Cundinamarca,plantas aromaticas,2018.0,21.25,122.5
Cundinamarca,platano,2018.0,215.140350877193,1455.298245614035
Cundinamarca,protea,2018.0,25.0,25.0
Cundinamarca,quinua,2018.0,28.0,201.0
Cundinamarca,rabano,2018.0,5.0,110.0
Cundinamarca,remolacha,2018.0,9.333333333333334,293.3333333333333
Cundinamarca,repollo,2018.0,90.0,2550.0
Cundinamarca,romero,2018.0,5.0,10.0
Cundinamarca,rosa,2018.0,93.5,2796.0
Cundinamarca,ruda,2018.0,11.0,88.0
Cundinamarca,ruscus,2018.0,43.333333333333336,431.6666666666667
Cundinamarca,sabila,2018.0,11.666666666666666,256.44444444444446
Cundinamarca,sagu,2018.0,49.888888888888886,122.33333333333333
Cundinamarca,sorgo,2018.0,31.5,88.5
Cundinamarca,statice,2018.0,4.0,4.0
Cundinamarca,tomate,2018.0,18.724137931034484,363.6551724137931
Cundinamarca,tomate de arbol,2018.0,96.37931034482759,1374.3103448275863
Cundinamarca,tomate invernadero,2018.0,26.375,2162.625
Cundinamarca,tomillo,2018.0,76.0,456.0
Cundinamarca,trigo,2018.0,11.0,114.0
Cundinamarca,uchuva,2018.0,33.07142857142857,367.7857142857143
Cundinamarca,yuca,2018.0,50.301886792452834,647.8490566037735
Cundinamarca,zanahoria,2018.0,62.0,1805.5555555555557
Cundinamarca,zucchini,2018.0,8.666666666666666,75.0
Cundinamarca,ñame,2018.0,10.0,50.0
Guainia,aji,2018.0,9.0,9.0
Guainia,cacao,2018.0,100.0,43.5
Guainia,caucho,2018.0,10.0,15.0
Guainia,citricos,2018.0,4.0,30.0
Guainia,maiz tradicional,2018.0,22.5,22.5
Guainia,piña,2018.0,44.75,758.75
Guainia,platano,2018.0,124.5,768.75
Guainia,yuca,2018.0,305.4,3054.0
Guainia,yuca industrial,2018.0,100.0,1000.0
Guaviare,arroz secano manual,2018.0,725.0,2175.0
Guaviare,arroz secano mecanizado,2018.0,557.0,2496.0
Guaviare,cacao,2018.0,283.5,142.0
Guaviare,caucho,2018.0,172.0,292.5
Guaviare,caña panelera,2018.0,324.25,1945.5
Guaviare,chontaduro,2018.0,402.5,3220.0
Guaviare,maiz tradicional,2018.0,1350.0,2025.0
Guaviare,patilla,2018.0,50.0,1500.0
Guaviare,piña,2018.0,91.0,3185.0
Guaviare,platano,2018.0,1173.75,14085.0
Guaviare,yuca,2018.0,387.5,5037.5
Huila,achira,2018.0,7.428571428571429,14.857142857142858
Huila,aguacate,2018.0,56.68571428571428,631.2571428571429
Huila,ahuyama,2018.0,17.294117647058822,253.58823529411765
Huila,algodon,2018.0,49.666666666666664,142.16666666666666
Huila,arracacha,2018.0,16.964285714285715,138.5
Huila,arroz riego,2018.0,954.1176470588235,6822.235294117647
Huila,arveja,2018.0,21.275862068965516,39.03448275862069
Huila,badea,2018.0,6.625,100.125
Huila,banano,2018.0,111.03703703703704,800.074074074074
Huila,cacao,2018.0,207.05714285714285,134.8
Huila,cafe,2018.0,3485.7714285714287,3890.3142857142857
Huila,caña panelera,2018.0,227.63888888888889,1637.5277777777778
Huila,cebolla de bulbo,2018.0,4.5,43.625
Huila,cebolla de rama,2018.0,13.714285714285714,128.42857142857142
Huila,cholupa,2018.0,17.066666666666666,122.33333333333333
Huila,citricos,2018.0,41.416666666666664,388.6388888888889
Huila,curuba,2018.0,8.75,54.833333333333336
Huila,durazno,2018.0,40.46153846153846,309.84615384615387
Huila,frijol,2018.0,295.54285714285714,317.1714285714286
Huila,granadilla,2018.0,47.4,676.4857142857143
Huila,guanabana,2018.0,16.724137931034484,194.68965517241378
Huila,guayaba,2018.0,20.692307692307693,108.23076923076923
Huila,guayaba manzana,2018.0,13.818181818181818,90.27272727272727
Huila,gulupa,2018.0,5.3,31.5
Huila,habichuela,2018.0,16.863636363636363,100.86363636363636
Huila,hortalizas varias,2018.0,20.685714285714287,93.37142857142857
Huila,lulo,2018.0,57.371428571428574,409.77142857142854
Huila,maiz tecnificado,2018.0,158.02777777777777,658.5833333333334
Huila,maiz tradicional,2018.0,185.6,284.6
Huila,mango,2018.0,12.45,145.35
Huila,maracuya,2018.0,56.96153846153846,884.8846153846154
Huila,melon,2018.0,28.7,528.9
Huila,mora,2018.0,42.516129032258064,269.80645161290323
Huila,papa,2018.0,4.666666666666667,25.833333333333332
Huila,papaya,2018.0,12.576923076923077,192.19230769230768
Huila,patilla,2018.0,8.555555555555555,136.77777777777777
Huila,pepino cohombro,2018.0,10.333333333333334,115.0
Huila,pimenton,2018.0,8.071428571428571,56.357142857142854
Huila,pitahaya,2018.0,29.692307692307693,381.15384615384613
Huila,piña,2018.0,20.5,325.9642857142857
Huila,platano,2018.0,651.4594594594595,2559.2702702702704
Huila,sorgo,2018.0,20.833333333333332,92.83333333333333
Huila,tabaco rubio,2018.0,60.0,152.66666666666666
Huila,tomate,2018.0,19.2,296.62857142857143
Huila,tomate de arbol,2018.0,19.774193548387096,128.1290322580645
Huila,uva,2018.0,27.714285714285715,323.64285714285717
Huila,yuca,2018.0,94.77777777777777,687.25
La guajira,achiote (bija),2018.0,40.0,40.0
La guajira,aguacate,2018.0,51.7,243.9
La guajira,ahuyama,2018.0,67.23076923076923,350.2307692307692
La guajira,aji,2018.0,24.1,132.8
La guajira,arracacha,2018.0,9.0,67.0
La guajira,arroz riego,2018.0,254.4,1505.2
La guajira,banano exportacion,2018.0,1431.0,58770.0
La guajira,cacao,2018.0,50.125,29.5
La guajira,cafe,2018.0,481.1,299.1
La guajira,caña panelera,2018.0,26.0,156.0
La guajira,coco,2018.0,264.5,1587.0
La guajira,fique,2018.0,51.8,218.2
La guajira,frijol,2018.0,139.76923076923077,125.0
La guajira,limon,2018.0,8.4,38.1
La guajira,lulo,2018.0,27.666666666666668,159.66666666666666
La guajira,maiz tradicional,2018.0,492.0,1041.4166666666667
La guajira,malanga,2018.0,89.27272727272727,725.3636363636364
La guajira,mango,2018.0,30.0,152.88888888888889
La guajira,maracuya,2018.0,4.0,24.0
La guajira,melon,2018.0,34.888888888888886,299.0
La guajira,naranja,2018.0,19.77777777777778,96.55555555555556
La guajira,palma de aceite,2018.0,290.85714285714283,1097.857142857143
La guajira,papaya,2018.0,17.5,285.0
La guajira,patilla,2018.0,80.25,686.25
La guajira,platano,2018.0,187.27272727272728,1003.9090909090909
La guajira,tomate,2018.0,15.3,164.5
La guajira,tomate de arbol,2018.0,43.666666666666664,255.0
La guajira,yuca,2018.0,257.9230769230769,3261.769230769231
La guajira,ñame,2018.0,123.25,1495.0
Magdalena,ahuyama,2018.0,95.0,707.75
Magdalena,aji,2018.0,65.07692307692308,363.53846153846155
Magdalena,ajonjoli,2018.0,160.0,155.0
Magdalena,arroz riego,2018.0,326.2,1754.6
Magdalena,arroz secano manual,2018.0,45.0,259.0
Magdalena,banano exportacion,2018.0,2098.1666666666665,67682.66666666667
Magdalena,batata,2018.0,40.0,240.0
Magdalena,berenjena,2018.0,90.0,1260.0
Magdalena,cacao,2018.0,369.8,180.4
Magdalena,cafe,2018.0,4353.5,2706.5
Magdalena,cilantro,2018.0,50.2,256.6
Magdalena,citricos,2018.0,318.0,5246.0
Magdalena,coco,2018.0,188.2,970.6
Magdalena,col,2018.0,9.0,10.0
Magdalena,frijol,2018.0,65.45833333333333,36.125
Magdalena,guayaba,2018.0,11.5,37.0
Magdalena,lulo,2018.0,91.66666666666667,376.6666666666667
Magdalena,maiz tradicional,2018.0,751.7666666666667,857.7333333333333
Magdalena,mango,2018.0,309.4,3387.6
Magdalena,maracuya,2018.0,89.4,535.4
Magdalena,melon,2018.0,45.0,243.5
Magdalena,naranja,2018.0,138.875,2270.875
Magdalena,palma de aceite,2018.0,3216.076923076923,10584.307692307691
Magdalena,papaya,2018.0,131.66666666666666,1949.5
Magdalena,patilla,2018.0,51.07142857142857,314.07142857142856
Magdalena,platano,2018.0,413.0,2202.285714285714
Magdalena,tomate,2018.0,42.111111111111114,473.44444444444446
Magdalena,tomate de arbol,2018.0,80.0,480.0
Magdalena,yuca,2018.0,835.0,6363.571428571428
Magdalena,ñame,2018.0,100.0,768.5
Meta,aguacate,2018.0,108.0,1214.7692307692307
Meta,ahuyama,2018.0,113.16666666666667,1471.3333333333333
Meta,araza,2018.0,2.0,2.0
Meta,arroz riego,2018.0,1087.6666666666667,5680.222222222223
Meta,arroz secano manual,2018.0,101.0,153.0
Meta,arroz secano mecanizado,2018.0,2348.5555555555557,12265.666666666666
Meta,arveja,2018.0,45.0,71.0
Meta,banano,2018.0,13.666666666666666,160.0
Meta,cacao,2018.0,263.9259259259259,163.8148148148148
Meta,cafe,2018.0,306.6666666666667,430.8888888888889
Meta,caucho,2018.0,181.93333333333334,263.0
Meta,caña azucarera,2018.0,27134.0,2315889.0
Meta,caña panelera,2018.0,79.05555555555556,354.94444444444446
Meta,cebolla de rama,2018.0,2.0,4.0
Meta,chontaduro,2018.0,3.0,51.0
Meta,citricos,2018.0,369.5,5821.722222222223
Meta,frijol,2018.0,11.666666666666666,10.333333333333334
Meta,guanabana,2018.0,22.666666666666668,196.33333333333334
Meta,guayaba,2018.0,5.0,40.0
Meta,guayaba pera,2018.0,416.75,4786.0
Meta,habichuela,2018.0,2.0,4.0
Meta,limon,2018.0,34.0,510.0
Meta,limon mandarino,2018.0,11.0,110.0
Meta,lulo,2018.0,27.0,281.0
Meta,maiz forrajero,2018.0,45.0,1575.0
Meta,maiz tecnificado,2018.0,3084.5882352941176,16728.647058823528
Meta,maiz tradicional,2018.0,1042.8333333333333,1336.3333333333333
Meta,mandarina,2018.0,29.0,435.0
Meta,mangostino,2018.0,20.5,67.5
Meta,maracuya,2018.0,161.05555555555554,3209.6111111111113
Meta,mora,2018.0,13.0,200.0
Meta,naranja valencia,2018.0,26.0,550.0
Meta,palma de aceite,2018.0,8878.7,36161.8
Meta,papaya,2018.0,76.83333333333333,2859.8333333333335
Meta,papaya hawaiana,2018.0,28.0,1504.0
Meta,patilla,2018.0,264.8888888888889,7920.444444444444
Meta,pepino cohombro,2018.0,1.0,3.0
Meta,piña,2018.0,191.5625,7925.0
Meta,plantas aromaticas,2018.0,1.0,8.0
Meta,platano,2018.0,874.4615384615385,17630.576923076922
Meta,sagu,2018.0,52.5,89.5
Meta,soya,2018.0,12446.666666666666,37346.666666666664
Meta,tomate,2018.0,11.333333333333334,224.0
Meta,tomate de arbol,2018.0,4.0,40.0
Meta,tomate invernadero,2018.0,7.0,140.0
Meta,yuca,2018.0,347.3076923076923,6862.346153846154
Meta,zapote,2018.0,8.0,96.0
Nariño,acelga,2018.0,8.0,12.0
Nariño,achira,2018.0,95.83333333333333,277.0
Nariño,aguacate,2018.0,15.942857142857143,69.85714285714286
Nariño,ajo,2018.0,28.0,625.3333333333334
Nariño,albahaca,2018.0,4.0,3.8
Nariño,amaranto,2018.0,5.0,5.0
Nariño,anturio,2018.0,15.0,53.0
Nariño,arracacha,2018.0,20.352941176470587,71.17647058823529
Nariño,arroz secano manual,2018.0,105.45454545454545,223.8181818181818
Nariño,arveja,2018.0,236.51612903225808,471.61290322580646
Nariño,badea,2018.0,1.0,1.0
Nariño,banano,2018.0,427.8,1077.4666666666667
Nariño,batata,2018.0,11.0,70.0
Nariño,borojo,2018.0,39.57142857142857,121.42857142857143
Nariño,brevo,2018.0,6.0,36.0
Nariño,brocoli,2018.0,16.4,370.0
Nariño,cacao,2018.0,830.7142857142857,197.52380952380952
Nariño,cafe,2018.0,880.7105263157895,938.8947368421053
Nariño,caña panelera,2018.0,378.53333333333336,2825.733333333333
Nariño,cebada,2018.0,43.2,91.4
Nariño,cebolla de bulbo,2018.0,88.0,1452.7777777777778
Nariño,cebolla de rama,2018.0,255.25,2117.5
Nariño,chia,2018.0,8.0,8.0
Nariño,chillangua,2018.0,5.666666666666667,7.166666666666667
Nariño,chiraran,2018.0,5.0,2.5
Nariño,chirimoya,2018.0,3.0,9.0
Nariño,chiro,2018.0,189.33333333333334,719.8888888888889
Nariño,chontaduro,2018.0,74.83333333333333,139.66666666666666
Nariño,cilantro,2018.0,54.25,55.25
Nariño,ciruela,2018.0,7.333333333333333,29.333333333333332
Nariño,citricos,2018.0,139.11111111111111,474.74074074074076
Nariño,coco,2018.0,1051.4,7343.0
Nariño,coliflor,2018.0,32.5,696.5
Nariño,curuba,2018.0,5.0,26.0
Nariño,durazno,2018.0,4.0,1.0
Nariño,fique,2018.0,270.77272727272725,351.90909090909093
Nariño,fresa,2018.0,5.833333333333333,30.5
Nariño,frijol arbustivo,2018.0,133.7027027027027,149.54054054054055
Nariño,frijol voluble,2018.0,153.27272727272728,210.9090909090909
Nariño,granadilla,2018.0,34.77272727272727,274.27272727272725
Nariño,guanabana,2018.0,22.571428571428573,68.42857142857143
Nariño,guayaba,2018.0,17.333333333333332,46.333333333333336
Nariño,gulupa,2018.0,30.0,75.0
Nariño,haba,2018.0,30.818181818181817,273.72727272727275
Nariño,habichuela,2018.0,57.666666666666664,316.3333333333333
Nariño,heliconia,2018.0,4.666666666666667,10.0
Nariño,iraca,2018.0,114.5,185.5
Nariño,lechuga,2018.0,56.625,1515.0
Nariño,limon,2018.0,190.75,1387.0
Nariño,lulo,2018.0,28.952380952380953,163.38095238095238
Nariño,maiz tecnificado,2018.0,59.44444444444444,192.44444444444446
Nariño,maiz tradicional,2018.0,226.55172413793105,301.37931034482756
Nariño,mango,2018.0,73.0,291.0
Nariño,mani,2018.0,74.9,130.7
Nariño,manzanilla,2018.0,2.0,50.0
Nariño,maracuya,2018.0,30.285714285714285,331.85714285714283
Nariño,melon,2018.0,6.0,18.0
Nariño,mora,2018.0,40.375,312.625
Nariño,oregano,2018.0,31.0,31.0
Nariño,palma de aceite,2018.0,8801.0,8801.5
Nariño,palmito,2018.0,401.44444444444446,4078.6666666666665
Nariño,papa,2018.0,560.1764705882352,11730.911764705883
Nariño,papa china,2018.0,59.44444444444444,382.6666666666667
Nariño,papa criolla,2018.0,69.15789473684211,868.1578947368421
Nariño,papaya,2018.0,24.333333333333332,133.44444444444446
Nariño,pepa de pan,2018.0,7.166666666666667,33.833333333333336
Nariño,pepino cohombro,2018.0,16.0,515.0
Nariño,pimenton,2018.0,32.75,63.5
Nariño,pimienta,2018.0,20.0,80.0
Nariño,piña,2018.0,57.0,220.28571428571428
Nariño,platano,2018.0,586.9705882352941,3518.676470588235
Nariño,poleo,2018.0,4.0,4.0
Nariño,quinua,2018.0,21.625,47.0
Nariño,repollo,2018.0,10.0,231.0
Nariño,rosa,2018.0,4.0,60.0
Nariño,sabila,2018.0,5.0,200.0
Nariño,tomate,2018.0,15.166666666666666,286.25
Nariño,tomate de arbol,2018.0,15.578947368421053,121.57894736842105
Nariño,tomate invernadero,2018.0,17.454545454545453,1766.4545454545455
Nariño,trigo,2018.0,52.833333333333336,96.41666666666667
Nariño,uchuva,2018.0,15.222222222222221,103.66666666666667
Nariño,ulluco,2018.0,25.428571428571427,79.0
Nariño,uva,2018.0,4.0,46.0
Nariño,yuca,2018.0,67.37209302325581,558.4186046511628
Nariño,zanahoria,2018.0,85.11111111111111,2332.5555555555557
Nariño,zapote,2018.0,33.0,253.0
Nariño,ñame,2018.0,6.333333333333333,6.333333333333333
Norte de santander,acelga,2018.0,1.0,16.0
Norte de santander,aguacate,2018.0,24.08,306.92
Norte de santander,ahuyama,2018.0,16.0,322.0
Norte de santander,aji,2018.0,17.666666666666668,78.66666666666667
Norte de santander,ajo,2018.0,9.5,70.5
Norte de santander,apio,2018.0,70.0,840.0
Norte de santander,arracacha,2018.0,35.81818181818182,553.5909090909091
Norte de santander,arroz riego,2018.0,2221.3333333333335,13158.111111111111
Norte de santander,arveja,2018.0,78.42857142857143,158.28571428571428
Norte de santander,banano,2018.0,131.14285714285714,886.4285714285714
Norte de santander,brevo,2018.0,9.142857142857142,50.142857142857146
Norte de santander,brocoli,2018.0,50.0,600.0
Norte de santander,cacao,2018.0,384.6666666666667,219.91666666666666
Norte de santander,cafe,2018.0,579.8888888888889,651.9722222222222
Norte de santander,caña panelera,2018.0,271.7,1343.7
Norte de santander,cebolla de bulbo,2018.0,131.30769230769232,2750.4615384615386
Norte de santander,cebolla de rama,2018.0,41.285714285714285,622.5714285714286
Norte de santander,cilantro,2018.0,17.4,162.8
Norte de santander,ciruela,2018.0,9.666666666666666,146.16666666666666
Norte de santander,curuba,2018.0,82.5,987.0
Norte de santander,durazno,2018.0,80.66666666666667,1105.3333333333333
Norte de santander,espinaca,2018.0,2.0,2.0
Norte de santander,fique,2018.0,6.0,3.0
Norte de santander,flores y follajes,2018.0,4.0,12.0
Norte de santander,fresa,2018.0,24.333333333333332,737.0
Norte de santander,frijol,2018.0,75.62857142857143,140.74285714285713
Norte de santander,granadilla,2018.0,8.0,71.4
Norte de santander,guanabana,2018.0,6.5,40.0
Norte de santander,guayaba,2018.0,6.5,58.0
Norte de santander,guayaba pera,2018.0,3.0,30.0
Norte de santander,gulupa,2018.0,6.5,115.0
Norte de santander,haba,2018.0,5.5,22.5
Norte de santander,habichuela,2018.0,2.0,20.0
Norte de santander,hortalizas varias,2018.0,18.166666666666668,109.83333333333333
Norte de santander,lechuga,2018.0,36.0,732.5
Norte de santander,lima tahiti,2018.0,8.5,61.5
Norte de santander,limon,2018.0,74.0,1152.75
Norte de santander,limon pajarito,2018.0,5.5,60.5
Norte de santander,lulo,2018.0,14.05,171.15
Norte de santander,maiz tecnificado,2018.0,212.4,1307.2
Norte de santander,maiz tradicional,2018.0,69.05882352941177,107.76470588235294
Norte de santander,mandarina,2018.0,41.4,462.3
Norte de santander,mango,2018.0,6.25,93.25
Norte de santander,manzana,2018.0,2.5,17.5
Norte de santander,maracuya,2018.0,12.583333333333334,133.66666666666666
Norte de santander,melon,2018.0,6.333333333333333,127.33333333333333
Norte de santander,mimbre,2018.0,6.0,29.0
Norte de santander,mora,2018.0,34.13333333333333,297.8666666666667
Norte de santander,naranja,2018.0,45.91304347826087,484.7826086956522
Norte de santander,naranja valencia,2018.0,17.375,205.625
Norte de santander,palma de aceite,2018.0,6506.2,22056.0
Norte de santander,papa,2018.0,194.14285714285714,4457.142857142857
Norte de santander,papa criolla,2018.0,79.33333333333333,1671.1666666666667
Norte de santander,papaya,2018.0,22.833333333333332,335.6666666666667
Norte de santander,patilla,2018.0,10.0,350.0
Norte de santander,pepino cohombro,2018.0,24.25,503.75
Norte de santander,perejil,2018.0,5.0,25.0
Norte de santander,pimenton,2018.0,20.444444444444443,326.22222222222223
Norte de santander,piña,2018.0,36.142857142857146,1365.0
Norte de santander,plantas aromaticas,2018.0,2.0,5.0
Norte de santander,platano,2018.0,310.48387096774195,2097.0
Norte de santander,puerro,2018.0,3.0,60.0
Norte de santander,remolacha,2018.0,8.5,135.5
Norte de santander,repollo,2018.0,12.8,196.0
Norte de santander,tabaco rubio,2018.0,128.0,168.5
Norte de santander,tangelo,2018.0,7.0,126.5
Norte de santander,tomate,2018.0,46.86206896551724,1858.6206896551723
Norte de santander,tomate de arbol,2018.0,14.846153846153847,182.30769230769232
Norte de santander,tomate invernadero,2018.0,3.5,475.0
Norte de santander,uchuva,2018.0,15.2,150.6
Norte de santander,yuca,2018.0,307.5806451612903,4200.903225806452
Norte de santander,zanahoria,2018.0,28.4,554.0
Norte de santander,zapote,2018.0,11.0,105.0
Putumayo,aguacate,2018.0,22.0,149.0
Putumayo,araza,2018.0,10.0,21.0
Putumayo,arroz secano manual,2018.0,168.0,327.0
Putumayo,arveja,2018.0,11.333333333333334,10.666666666666666
Putumayo,cacao,2018.0,512.0,347.0
Putumayo,cafe,2018.0,210.0,289.0
Putumayo,caucho,2018.0,61.42857142857143,39.57142857142857
Putumayo,caña panelera,2018.0,155.0,348.1111111111111
Putumayo,chontaduro,2018.0,346.2857142857143,1533.857142857143
Putumayo,copoazu,2018.0,11.0,11.0
Putumayo,curcuma,2018.0,31.0,626.0
Putumayo,granadilla,2018.0,56.75,479.25
Putumayo,lulo,2018.0,32.75,183.5
Putumayo,maiz tradicional,2018.0,354.53846153846155,372.0769230769231
Putumayo,mora,2018.0,39.75,339.75
Putumayo,naranja,2018.0,6.0,72.0
Putumayo,palmito,2018.0,85.0,105.0
Putumayo,papa,2018.0,5.0,10.333333333333334
Putumayo,pimienta,2018.0,178.42857142857142,147.42857142857142
Putumayo,piña,2018.0,50.714285714285715,561.4285714285714
Putumayo,platano,2018.0,879.4444444444445,3249.5555555555557
Putumayo,sacha inchi,2018.0,27.0,63.42857142857143
Putumayo,tomate de arbol,2018.0,47.75,384.75
Putumayo,yota,2018.0,22.666666666666668,107.0
Putumayo,yuca,2018.0,233.55555555555554,1479.888888888889
Quindio,aguacate,2018.0,240.91666666666666,1893.0
Quindio,ahuyama,2018.0,6.0,61.5
Quindio,arracacha,2018.0,1.0,2.0
Quindio,arveja,2018.0,1.5,2.0
Quindio,banano,2018.0,226.75,3850.5833333333335
Quindio,cacao,2018.0,37.77777777777778,41.77777777777778
Quindio,cafe,2018.0,1364.5833333333333,1478.1666666666667
Quindio,cardamomo,2018.0,1.0,40.0
Quindio,cartucho-astromelia,2018.0,3.0,22.0
Quindio,caña azucarera,2018.0,200.0,31195.0
Quindio,caña panelera,2018.0,50.285714285714285,318.0
Quindio,cebolla de rama,2018.0,2.0,17.0
Quindio,chontaduro,2018.0,3.0,24.0
Quindio,citricos,2018.0,436.3636363636364,10486.363636363636
Quindio,curcuma,2018.0,1.0,13.5
Quindio,flores y follajes,2018.0,3.0,38.0
Quindio,fresa,2018.0,1.0,8.0
Quindio,frijol,2018.0,7.181818181818182,11.0
Quindio,granadilla,2018.0,9.5,71.25
Quindio,guanabana,2018.0,2.0,32.0
Quindio,guayaba,2018.0,16.0,320.0
Quindio,guayaba pera,2018.0,82.0,328.0
Quindio,gulupa,2018.0,9.333333333333334,106.33333333333333
Quindio,habichuela,2018.0,3.6,31.2
Quindio,helecho cuero,2018.0,2.0,8.0
Quindio,hortalizas varias,2018.0,5.25,33.0
Quindio,jengibre,2018.0,2.0,40.5
Quindio,lechuga,2018.0,9.0,99.0
Quindio,limon tahiti,2018.0,14.0,348.0
Quindio,lulo,2018.0,16.22222222222222,107.66666666666667
Quindio,macadamia,2018.0,46.8,146.0
Quindio,maiz tradicional,2018.0,81.1,180.5
Quindio,mandarina,2018.0,92.0,2760.0
Quindio,maracuya,2018.0,29.75,380.0
Quindio,menta,2018.0,1.0,3.0
Quindio,mora,2018.0,8.142857142857142,43.714285714285715
Quindio,naranja jaffa,2018.0,792.0,23762.0
Quindio,papaya,2018.0,42.8,989.2
Quindio,pepino cohombro,2018.0,5.0,62.0
Quindio,pimenton,2018.0,4.5,56.5
Quindio,pitahaya,2018.0,1.0,1.0
Quindio,piña,2018.0,249.6,10614.0
Quindio,plantas aromaticas,2018.0,2.0,45.666666666666664
Quindio,platano,2018.0,2168.9166666666665,22201.25
Quindio,sabila,2018.0,8.333333333333334,115.83333333333333
Quindio,tomate,2018.0,9.2,283.8
Quindio,tomate de arbol,2018.0,32.0,224.0
Quindio,tomate invernadero,2018.0,12.75,1278.25
Quindio,yuca,2018.0,23.0,339.8
Risaralda,aguacate,2018.0,239.76923076923077,2750.3846153846152
Risaralda,arracacha,2018.0,9.666666666666666,96.0
Risaralda,arveja,2018.0,3.0,3.3333333333333335
Risaralda,bananito,2018.0,149.0,720.5
Risaralda,banano,2018.0,52.4,957.0
Risaralda,cacao,2018.0,194.66666666666666,159.77777777777777
Risaralda,cafe,2018.0,2562.4285714285716,3280.0
Risaralda,caña azucarera,2018.0,431.2,67291.2
Risaralda,caña panelera,2018.0,280.25,2037.3333333333333
Risaralda,cebolla de rama,2018.0,15.25,408.75
Risaralda,champiñon,2018.0,1.0,78.0
Risaralda,chirimoya,2018.0,2.0,10.0
Risaralda,chontaduro,2018.0,7.0,7.0
Risaralda,cilantro,2018.0,3.0,9.0
Risaralda,estropajo,2018.0,6.0,30.0
Risaralda,fique,2018.0,106.0,85.0
Risaralda,flores y follajes,2018.0,71.5,3082.5
Risaralda,fresa,2018.0,1.0,4.5
Risaralda,frijol,2018.0,36.8,35.3
Risaralda,granadilla,2018.0,4.6,46.4
Risaralda,guanabana,2018.0,108.0,2369.0
Risaralda,guayaba,2018.0,85.0,1245.0
Risaralda,gulupa,2018.0,6.5,118.0
Risaralda,habichuela,2018.0,9.0,93.0
Risaralda,hortalizas varias,2018.0,15.5,344.0
Risaralda,lima tahiti,2018.0,39.5,991.5
Risaralda,limon mandarino,2018.0,1.0,12.0
Risaralda,lulo,2018.0,20.444444444444443,358.22222222222223
Risaralda,maiz tecnificado,2018.0,165.0,873.0
Risaralda,maiz tradicional,2018.0,37.375,62.25
Risaralda,mandarina,2018.0,65.0,1810.3333333333333
Risaralda,mangostino,2018.0,1.0,7.0
Risaralda,maracuya,2018.0,10.0,148.0
Risaralda,mora,2018.0,20.0,174.44444444444446
Risaralda,naranja,2018.0,149.8,4201.2
Risaralda,papaya,2018.0,22.0,279.5
Risaralda,pepino cohombro,2018.0,2.0,60.0
Risaralda,pimenton,2018.0,3.0,30.0
Risaralda,pitahaya,2018.0,4.0,33.25
Risaralda,piña,2018.0,195.0,6253.0
Risaralda,plantas aromaticas y medicinales,2018.0,26.0,396.0
Risaralda,platano,2018.0,1201.0714285714287,11859.642857142857
Risaralda,sabila,2018.0,8.666666666666666,380.6666666666667
Risaralda,soya,2018.0,20.0,44.0
Risaralda,tomate,2018.0,7.333333333333333,212.66666666666666
Risaralda,tomate de arbol,2018.0,6.6,70.6
Risaralda,tomate invernadero,2018.0,10.2,762.0
Risaralda,yuca,2018.0,27.857142857142858,272.0
San andres y providencia,ahuyama,2018.0,0.5,4.5
San andres y providencia,banano,2018.0,0.0,10.0
San andres y providencia,batata,2018.0,1.0,10.0
San andres y providencia,caña miel,2018.0,1.0,55.0
San andres y providencia,coco,2018.0,4.0,40.0
San andres y providencia,guanabana,2018.0,0.0,1.0
San andres y providencia,limon pajarito,2018.0,0.0,3.0
San andres y providencia,maiz tradicional,2018.0,0.5,1.0
San andres y providencia,mango,2018.0,0.0,2.0
San andres y providencia,melon,2018.0,1.0,5.0
San andres y providencia,naranja,2018.0,0.0,2.0
San andres y providencia,papaya,2018.0,1.0,24.0
San andres y providencia,patilla,2018.0,2.0,34.0
San andres y providencia,platano,2018.0,1.5,27.0
San andres y providencia,yuca,2018.0,2.0,17.5
San andres y providencia,ñame,2018.0,1.0,2.0
Santander,aguacate,2018.0,86.35714285714286,645.2380952380952
Santander,ahuyama,2018.0,21.153846153846153,595.5384615384615
Santander,aji,2018.0,50.0,250.0
Santander,ajo,2018.0,42.5,257.5
Santander,apio,2018.0,5.8,89.0
Santander,arracacha,2018.0,8.5,65.85714285714286
Santander,arroz riego,2018.0,531.0,3077.0
Santander,arroz secano manual,2018.0,383.0,2289.0
Santander,arveja,2018.0,14.0,20.08
Santander,badea,2018.0,84.0,1596.0
Santander,bananito,2018.0,257.5,1910.0
Santander,banano,2018.0,287.125,5209.375
Santander,cacao,2018.0,1098.3720930232557,578.9069767441861
Santander,cafe,2018.0,563.6133333333333,745.6266666666667
Santander,caucho,2018.0,466.64285714285717,590.0714285714286
Santander,caña panelera,2018.0,456.29545454545456,4436.431818181818
Santander,cebada,2018.0,4.0,4.0
Santander,cebolla de bulbo,2018.0,42.25,422.5
Santander,cebolla de rama,2018.0,121.33333333333333,3246.8888888888887
Santander,chirimoya,2018.0,30.0,60.0
Santander,cilantro,2018.0,15.0,31.0
Santander,citricos,2018.0,118.6923076923077,1829.7692307692307
Santander,coco,2018.0,8.0,40.0
Santander,curuba,2018.0,3.0,18.25
Santander,durazno,2018.0,36.25,1091.0
Santander,espinaca,2018.0,1.0,5.0
Santander,estropajo,2018.0,1.0,5.0
Santander,feijoa,2018.0,9.0,27.0
Santander,fique,2018.0,127.85714285714286,196.85714285714286
Santander,flores y follajes,2018.0,4.0,16.0
Santander,fresa,2018.0,16.0,201.5
Santander,frijol,2018.0,68.71666666666667,79.51666666666667
Santander,frijol arbustivo,2018.0,36.0,25.5
Santander,frijol voluble,2018.0,34.0,41.666666666666664
Santander,frutales varios,2018.0,31.5,249.0
Santander,granadilla,2018.0,5.8,53.4
Santander,guanabana,2018.0,58.42857142857143,768.8571428571429
Santander,guayaba,2018.0,298.5,3643.1666666666665
Santander,guayaba pera,2018.0,212.0,2504.4545454545455
Santander,gulupa,2018.0,21.25,392.5
Santander,haba,2018.0,3.0,6.0
Santander,habichuela,2018.0,24.428571428571427,217.61904761904762
Santander,hortalizas varias,2018.0,54.36363636363637,105.9090909090909
Santander,lima tahiti,2018.0,450.0,8499.777777777777
Santander,limon,2018.0,82.63636363636364,1266.5454545454545
Santander,limon pajarito,2018.0,15.0,105.0
Santander,limon tahiti,2018.0,6.2,45.6
Santander,lulo,2018.0,22.733333333333334,377.06666666666666
Santander,maiz forrajero,2018.0,8.0,200.0
Santander,maiz tecnificado,2018.0,65.5,303.0
Santander,maiz tradicional,2018.0,80.66233766233766,123.75324675324676
Santander,malanga,2018.0,8.0,13.0
Santander,mamoncillo,2018.0,1.0,30.0
Santander,mandarina,2018.0,308.4,3763.76
Santander,mandarina oneco,2018.0,52.0,780.0
Santander,mango,2018.0,6.714285714285714,100.28571428571429
Santander,maracuya,2018.0,49.0,853.0
Santander,melon,2018.0,28.428571428571427,604.5714285714286
Santander,millo,2018.0,27.5,72.5
Santander,mora,2018.0,99.34615384615384,1150.6923076923076
Santander,morera,2018.0,33.0,13.0
Santander,naranja,2018.0,203.44444444444446,3918.8518518518517
Santander,naranja valencia,2018.0,54.0,880.5
Santander,nispero,2018.0,10.0,20.0
Santander,noni,2018.0,3.0,30.0
Santander,oregano,2018.0,3.0,60.0
Santander,palma de aceite,2018.0,9850.75,29093.375
Santander,papa,2018.0,123.625,2402.375
Santander,papa criolla,2018.0,25.25,393.0
Santander,papaya,2018.0,37.75,1623.5
Santander,patilla,2018.0,7.0,261.2
Santander,pepino cohombro,2018.0,12.375,234.125
Santander,pepino guiso,2018.0,3.0,15.0
Santander,pimenton,2018.0,14.416666666666666,219.33333333333334
Santander,pitahaya,2018.0,46.2,318.6
Santander,piña,2018.0,923.8333333333334,37975.083333333336
Santander,plantas aromaticas,2018.0,10.0,10.0
Santander,platano,2018.0,252.04,2906.34
Santander,repollo,2018.0,4.0,128.0
Santander,tabaco negro,2018.0,67.92307692307692,108.76923076923077
Santander,tabaco rubio,2018.0,120.2,173.0
Santander,tomate,2018.0,22.622222222222224,639.6222222222223
Santander,tomate de arbol,2018.0,9.461538461538462,126.76923076923077
Santander,tomate invernadero,2018.0,11.8,555.0
Santander,trigo,2018.0,5.666666666666667,9.333333333333334
Santander,uchuva,2018.0,17.5,180.0
Santander,uva,2018.0,4.666666666666667,28.0
Santander,yuca,2018.0,135.2173913043478,1496.4782608695652
Santander,zanahoria,2018.0,5.5,124.5
Santander,zapote,2018.0,2.0,4.0
Sucre,aguacate,2018.0,175.5,1356.5
Sucre,ahuyama,2018.0,80.0,400.0
Sucre,aji dulce,2018.0,56.5,148.75
Sucre,arroz secano manual,2018.0,315.42857142857144,691.5714285714286
Sucre,arroz secano mecanizado,2018.0,1407.8181818181818,5268.909090909091
Sucre,batata,2018.0,9.333333333333334,152.33333333333334
Sucre,berenjena,2018.0,80.66666666666667,381.3333333333333
Sucre,cacao,2018.0,49.0,29.857142857142858
Sucre,caña flecha,2018.0,69.0,14.0
Sucre,caña panelera,2018.0,38.857142857142854,212.85714285714286
Sucre,coco,2018.0,98.0,506.14285714285717
Sucre,col,2018.0,6.0,24.0
Sucre,frijol,2018.0,14.444444444444445,15.11111111111111
Sucre,guanabana,2018.0,6.0,7.0
Sucre,guayaba,2018.0,20.5,79.5
Sucre,guayaba pera,2018.0,5.0,18.0
Sucre,habichuela,2018.0,15.5,64.5
Sucre,limon,2018.0,3.2,10.6
Sucre,maiz tecnificado,2018.0,339.7391304347826,856.4347826086956
Sucre,maiz tradicional,2018.0,260.23809523809524,473.2857142857143
Sucre,mango,2018.0,42.8,687.9
Sucre,maracuya,2018.0,18.5,431.5
Sucre,melon,2018.0,52.0,160.0
Sucre,naranja,2018.0,26.333333333333332,144.55555555555554
Sucre,palma de aceite,2018.0,606.0,2309.0
Sucre,papaya,2018.0,8.0,181.0
Sucre,patilla,2018.0,107.33333333333333,656.6666666666666
Sucre,pepino cohombro,2018.0,2.0,10.0
Sucre,piña,2018.0,8.6,319.8
Sucre,platano,2018.0,81.75,469.3333333333333
Sucre,tabaco negro,2018.0,134.0,357.8333333333333
Sucre,tabaco rubio,2018.0,143.375,460.875
Sucre,yuca,2018.0,611.28,4951.32
Sucre,yuca industrial,2018.0,296.07142857142856,5306.785714285715
Sucre,zapote,2018.0,51.0,342.0
Sucre,ñame,2018.0,110.55,928.6
Sucre,ñame diamante,2018.0,566.6666666666666,7683.333333333333
Sucre,ñame espino,2018.0,160.3125,1356.0625
Tolima,aguacate,2018.0,487.68,3067.04
Tolima,ahuyama,2018.0,30.142857142857142,370.7142857142857
Tolima,ajonjoli,2018.0,105.0,63.0
Tolima,algodon,2018.0,447.1111111111111,1239.4444444444443
Tolima,arracacha,2018.0,625.0,7509.555555555556
Tolima,arroz riego,2018.0,2511.409090909091,18059.227272727272
Tolima,arveja,2018.0,59.75,45.125
Tolima,bananito,2018.0,138.33333333333334,723.0
Tolima,banano,2018.0,187.0,1796.125
Tolima,cacao,2018.0,366.20588235294116,195.73529411764707
Tolima,cachaco,2018.0,837.3333333333334,2415.0
Tolima,cafe,2018.0,2560.6315789473683,2564.4736842105262
Tolima,caucho,2018.0,80.0,232.5
Tolima,caña panelera,2018.0,401.0740740740741,2506.4444444444443
Tolima,cebolla de rama,2018.0,11.0,61.6
Tolima,cilantro,2018.0,2.5,5.0
Tolima,ciruela,2018.0,10.0,40.0
Tolima,citricos,2018.0,19.0,178.0
Tolima,estropajo,2018.0,10.0,14.0
Tolima,flores y follajes,2018.0,10.0,8.0
Tolima,fresa,2018.0,20.0,350.0
Tolima,frijol,2018.0,345.0,422.85714285714283
Tolima,frijol arbustivo,2018.0,17.0,18.0
Tolima,frijol voluble,2018.0,104.0,106.5
Tolima,granadilla,2018.0,67.0,268.0
Tolima,guanabana,2018.0,147.25,1413.625
Tolima,guayaba,2018.0,140.16666666666666,727.3333333333334
Tolima,guayaba manzana,2018.0,40.0,360.0
Tolima,gulupa,2018.0,57.0,328.3333333333333
Tolima,habichuela,2018.0,20.333333333333332,94.0
Tolima,hortalizas varias,2018.0,13.0,23.0
Tolima,limon,2018.0,265.46153846153845,2448.3076923076924
Tolima,limon pajarito,2018.0,158.33333333333334,1171.0
Tolima,limon tahiti,2018.0,126.0,1699.5
Tolima,lulo,2018.0,62.666666666666664,556.6666666666666
Tolima,maiz forrajero,2018.0,51.0,1519.75
Tolima,maiz tecnificado,2018.0,824.0769230769231,4001.923076923077
Tolima,maiz tradicional,2018.0,212.7027027027027,380.1081081081081
Tolima,mandarina,2018.0,83.0,2024.0
Tolima,mango,2018.0,425.85714285714283,4715.714285714285
Tolima,mango injerto,2018.0,104.0,1560.0
Tolima,mangostino,2018.0,31.0,186.0
Tolima,mani,2018.0,200.0,240.0
Tolima,maracuya,2018.0,34.57142857142857,262.42857142857144
Tolima,melon,2018.0,9.333333333333334,301.6666666666667
Tolima,mora,2018.0,81.77777777777777,835.0
Tolima,naranja,2018.0,80.25,543.75
Tolima,papa,2018.0,144.625,2494.375
Tolima,papa criolla,2018.0,160.0,960.0
Tolima,papaya,2018.0,15.666666666666666,155.33333333333334
Tolima,patilla,2018.0,6.333333333333333,63.333333333333336
Tolima,pepino cohombro,2018.0,25.0,375.0
Tolima,pitahaya,2018.0,16.0,139.0
Tolima,piña,2018.0,74.0,5804.5
Tolima,plantas aromaticas,2018.0,13.5,47.5
Tolima,platano,2018.0,597.1463414634146,4544.804878048781
Tolima,repollo,2018.0,8.0,160.0
Tolima,sorgo,2018.0,80.0,202.5
Tolima,tomate,2018.0,49.2,901.9
Tolima,tomate de arbol,2018.0,114.28571428571429,1400.4285714285713
Tolima,tomate invernadero,2018.0,10.0,450.0
Tolima,yuca,2018.0,120.79411764705883,1286.0
Tolima,zanahoria,2018.0,41.5,716.5
Valle del cauca,acelga,2018.0,3.0,10.5
Valle del cauca,aguacate,2018.0,65.10810810810811,783.8108108108108
Valle del cauca,ahuyama,2018.0,15.153846153846153,293.2307692307692
Valle del cauca,aji,2018.0,10.235294117647058,258.7647058823529
Valle del cauca,algodon,2018.0,66.0,200.5
Valle del cauca,araza,2018.0,3.0,2.0
Valle del cauca,arracacha,2018.0,19.266666666666666,238.13333333333333
Valle del cauca,arroz riego,2018.0,283.0,1758.142857142857
Valle del cauca,arveja,2018.0,13.083333333333334,30.166666666666668
Valle del cauca,bananito,2018.0,214.5,1105.5
Valle del cauca,banano,2018.0,151.24324324324326,2297.5945945945946
Valle del cauca,berenjena,2018.0,2.6666666666666665,70.0
Valle del cauca,borojo,2018.0,776.0,9312.0
Valle del cauca,brevo,2018.0,2.0,2.0
Valle del cauca,cacao,2018.0,46.43333333333333,28.3
Valle del cauca,cafe,2018.0,1238.6153846153845,1273.5384615384614
Valle del cauca,caña azucarera,2018.0,4629.8,706346.9666666667
Valle del cauca,caña panelera,2018.0,177.2,1180.7142857142858
Valle del cauca,cebolla de bulbo,2018.0,6.6,115.2
Valle del cauca,cebolla de rama,2018.0,66.0,845.75
Valle del cauca,chontaduro,2018.0,174.33333333333334,2389.0
Valle del cauca,cilantro,2018.0,15.11111111111111,125.11111111111111
Valle del cauca,citricos,2018.0,149.97297297297297,3802.2432432432433
Valle del cauca,coco,2018.0,317.0,3804.0
Valle del cauca,curcuma,2018.0,2.0,30.0
Valle del cauca,curuba,2018.0,10.5,102.0
Valle del cauca,durazno,2018.0,4.0,63.0
Valle del cauca,estropajo,2018.0,1.5,19.0
Valle del cauca,flores y follajes,2018.0,8.5,227.7
Valle del cauca,fresa,2018.0,4.142857142857143,93.57142857142857
Valle del cauca,frijol ladera,2018.0,21.72222222222222,25.27777777777778
Valle del cauca,granadilla,2018.0,11.444444444444445,117.5
Valle del cauca,guanabana,2018.0,16.4,175.95
Valle del cauca,guayaba,2018.0,28.958333333333332,315.9583333333333
Valle del cauca,guayaba pera,2018.0,252.0,3024.0
Valle del cauca,habichuela,2018.0,20.071428571428573,174.67857142857142
Valle del cauca,hortalizas varias,2018.0,6.6,61.2
Valle del cauca,lechuga,2018.0,10.333333333333334,193.66666666666666
Valle del cauca,lulo,2018.0,41.28,502.56
Valle del cauca,macadamia,2018.0,21.0,87.0
Valle del cauca,maiz forrajero,2018.0,15.6,556.6
Valle del cauca,maiz tecnificado,2018.0,335.38461538461536,2407.6153846153848
Valle del cauca,maiz tradicional,2018.0,36.63157894736842,75.36842105263158
Valle del cauca,mango,2018.0,13.529411764705882,187.58823529411765
Valle del cauca,maracuya,2018.0,21.967741935483872,390.1290322580645
Valle del cauca,melon,2018.0,23.571428571428573,645.0
Valle del cauca,mora,2018.0,22.666666666666668,166.25
Valle del cauca,papa,2018.0,66.0,1337.0
Valle del cauca,papa china,2018.0,320.0,1600.0
Valle del cauca,papaya,2018.0,35.76190476190476,910.952380952381
Valle del cauca,patilla,2018.0,10.0,292.0
Valle del cauca,pepino cohombro,2018.0,10.4,241.95
Valle del cauca,perejil,2018.0,8.5,37.5
Valle del cauca,pimenton,2018.0,12.384615384615385,202.57692307692307
Valle del cauca,pitahaya,2018.0,9.461538461538462,81.53846153846153
Valle del cauca,piña,2018.0,101.91304347826087,6311.391304347826
Valle del cauca,plantas aromaticas,2018.0,13.0,83.0
Valle del cauca,platano,2018.0,696.125,6458.45
Valle del cauca,repollo,2018.0,16.77777777777778,439.6666666666667
Valle del cauca,sabila,2018.0,18.272727272727273,266.27272727272725
Valle del cauca,sacha inchi,2018.0,17.1,48.3
Valle del cauca,sorgo,2018.0,22.0,106.5
Valle del cauca,soya,2018.0,59.25,190.5
Valle del cauca,stevia,2018.0,2.0,4.0
Valle del cauca,te,2018.0,56.0,134.0
Valle del cauca,tomate,2018.0,21.6875,534.0
Valle del cauca,tomate de arbol,2018.0,11.266666666666667,108.86666666666666
Valle del cauca,tomate invernadero,2018.0,7.0,275.57142857142856
Valle del cauca,uva,2018.0,139.84615384615384,1650.1538461538462
Valle del cauca,yuca,2018.0,19.818181818181817,325.3636363636364
Valle del cauca,zanahoria,2018.0,43.75,700.25
Valle del cauca,zapote,2018.0,6.75,64.75
Vaupes,aji,2018.0,18.0,18.0
Vaupes,arroz secano manual,2018.0,10.0,10.0
Vaupes,cacao,2018.0,30.0,11.0
Vaupes,caña miel,2018.0,20.0,47.0
Vaupes,caña panelera,2018.0,34.5,172.5
Vaupes,chontaduro,2018.0,7.0,25.0
Vaupes,copoazu,2018.0,2.0,30.0
Vaupes,limon mandarino,2018.0,2.0,2.0
Vaupes,maiz tradicional,2018.0,102.0,247.5
Vaupes,piña,2018.0,29.0,263.0
Vaupes,platano,2018.0,78.66666666666667,395.6666666666667
Vaupes,yuca,2018.0,597.6666666666666,3505.6666666666665
Vaupes,ñame,2018.0,7.0,18.0
Vaupes,ñame espino,2018.0,2.0,39.0
Vichada,aji,2018.0,4.0,20.0
Vichada,arroz secano manual,2018.0,52.0,131.0
Vichada,cacao,2018.0,324.0,159.66666666666666
Vichada,caña panelera,2018.0,41.0,506.75
Vichada,cilantro,2018.0,1.0,4.0
Vichada,lima tahiti,2018.0,21.0,336.0
Vichada,maiz tecnificado,2018.0,4500.0,15750.0
Vichada,maiz tradicional,2018.0,77.5,172.5
Vichada,marañon,2018.0,385.0,1295.0
Vichada,naranja,2018.0,80.0,800.0
Vichada,palma de aceite,2018.0,2366.6666666666665,9519.333333333334
Vichada,piña,2018.0,25.5,177.5
Vichada,platano,2018.0,127.75,1031.5
Vichada,sacha inchi,2018.0,5.5,10.5
Vichada,yuca,2018.0,193.75,2132.5
